{
  "version": "2.0-improved-40features",
  "trainedAt": "2025-12-16T02:17:18.480Z",
  "trainingSamples": 35002,
  "features": [
    "priceVsSma20",
    "priceVsSma50",
    "priceVsEma9",
    "sma20VsSma50",
    "ema9VsEma21",
    "positionInRange",
    "pullbackFromHigh",
    "atrPercent",
    "bbPosition",
    "volumeRatio",
    "rsi14",
    "momentum5",
    "momentum10",
    "momentum20",
    "momentum60",
    "candleBodyRatio",
    "isBullish",
    "isBreakout",
    "aboveSma20",
    "aboveSma50",
    "smaSlope",
    "momAccel5",
    "momAccel10",
    "volRegime",
    "meanRevScore",
    "trendConsistency5",
    "trendConsistency10",
    "oversoldBounce",
    "overboughtWarning",
    "trendWithMom",
    "pullbackInUptrend",
    "breakoutWithVol",
    "lowVolBreakout",
    "highVolConsolidation",
    "acceleratingUp",
    "deceleratingDown",
    "spyTrend",
    "spyMomentum",
    "spyVolRegime",
    "relativeStrength"
  ],
  "coefficients": {
    "intercept": 0.019463749770957082,
    "weights": {
      "priceVsSma20": 0.014483627846513605,
      "priceVsSma50": 0.028226528000991256,
      "priceVsEma9": 0.02266104088561274,
      "sma20VsSma50": 0.0650524990878028,
      "ema9VsEma21": -0.13523857079791404,
      "positionInRange": -0.02632695513128449,
      "pullbackFromHigh": -0.060615052967650365,
      "atrPercent": 0.08914493534940485,
      "bbPosition": 0.02631043314691853,
      "volumeRatio": -0.0009909535010823724,
      "rsi14": -0.017558268517251695,
      "momentum5": -0.014353722421939906,
      "momentum10": -0.007719483210118989,
      "momentum20": 0.03759280145919981,
      "momentum60": 0.0033800101305777024,
      "candleBodyRatio": 0.026702464287872554,
      "isBullish": -0.0591509431460954,
      "isBreakout": -0.027492933607547315,
      "aboveSma20": 0.0515901537454333,
      "aboveSma50": -0.04011957501554507,
      "smaSlope": -0.052613663286650306,
      "momAccel5": 0.02078584897802909,
      "momAccel10": 0.027691457098572073,
      "volRegime": 0,
      "meanRevScore": -0.023862869754158383,
      "trendConsistency5": 0.0014728353082850178,
      "trendConsistency10": 0.0011117998236481825,
      "oversoldBounce": -0.0011687288060449074,
      "overboughtWarning": 0,
      "trendWithMom": 0.002107304797682784,
      "pullbackInUptrend": 0.07781429857437197,
      "breakoutWithVol": -0.011993242955729478,
      "lowVolBreakout": 0,
      "highVolConsolidation": 0,
      "acceleratingUp": -0.0008799686075924803,
      "deceleratingDown": -0.002465996003276668,
      "spyTrend": -0.023518698028028615,
      "spyMomentum": 0.12346120292139517,
      "spyVolRegime": 0.01598312056518489,
      "relativeStrength": -0.011668240061686687
    },
    "featureMeans": {
      "priceVsSma20": 3.240726697157717,
      "priceVsSma50": 5.71283422980679,
      "priceVsEma9": 1.4475504281503366,
      "sma20VsSma50": 2.34964132052913,
      "ema9VsEma21": 1.404853084897428,
      "positionInRange": 0.719896447153561,
      "pullbackFromHigh": 3.150018437724591,
      "atrPercent": 3.087797254564349,
      "bbPosition": 0.4289930954736447,
      "volumeRatio": 0.9958532395933111,
      "rsi14": 38.9688961297343,
      "momentum5": 2.063397745810745,
      "momentum10": 3.6713044631837994,
      "momentum20": 6.080836714114545,
      "momentum60": 10.21431859692463,
      "candleBodyRatio": 0.4519824919689554,
      "isBullish": 0.2735843666076224,
      "isBreakout": 0.15941946174504315,
      "aboveSma20": 0.8198960059425175,
      "aboveSma50": 0.8829495457402434,
      "smaSlope": 1.320339918623496,
      "momAccel5": 1.195202299481547,
      "momAccel10": 1.525259074972769,
      "volRegime": 50,
      "meanRevScore": -10.418550903416621,
      "trendConsistency5": 0.5830595394548883,
      "trendConsistency10": 0.5744560628280896,
      "oversoldBounce": 0.4964859150905663,
      "overboughtWarning": 0,
      "trendWithMom": 0.5686817896120222,
      "pullbackInUptrend": 0.1731043940346266,
      "breakoutWithVol": 0.05491114793440375,
      "lowVolBreakout": 0,
      "highVolConsolidation": 0,
      "acceleratingUp": 0.48408662362150734,
      "deceleratingDown": 0.038569224615736246,
      "spyTrend": 0.28026969887435005,
      "spyMomentum": 0.8214339455010314,
      "spyVolRegime": 50.15213416376219,
      "relativeStrength": 1.0164808757818395
    },
    "featureStds": {
      "priceVsSma20": 10.34823779642736,
      "priceVsSma50": 20.66101352955189,
      "priceVsEma9": 3.1774960557115586,
      "sma20VsSma50": 4.929104600504951,
      "ema9VsEma21": 1.806092161954374,
      "positionInRange": 0.2174029232678148,
      "pullbackFromHigh": 2.8864698431941878,
      "atrPercent": 1.3829679499513685,
      "bbPosition": 0.4627918438457005,
      "volumeRatio": 0.5529906322211924,
      "rsi14": 13.025135145122876,
      "momentum5": 4.665701070656012,
      "momentum10": 6.489900799994502,
      "momentum20": 8.990357038048348,
      "momentum60": 24.478417670150396,
      "candleBodyRatio": 0.2603401390592974,
      "isBullish": 0.44579811681468434,
      "isBreakout": 0.3660667930337497,
      "aboveSma20": 0.3842740498420392,
      "aboveSma50": 0.32148039662985606,
      "smaSlope": 7.229077256716107,
      "momAccel5": 137.59117619721414,
      "momAccel10": 165.24488686614635,
      "volRegime": 1,
      "meanRevScore": 15.929093063262934,
      "trendConsistency5": 0.2321548044002257,
      "trendConsistency10": 0.14557041547370209,
      "oversoldBounce": 0.4999876510546555,
      "overboughtWarning": 1,
      "trendWithMom": 0.49526034746955155,
      "pullbackInUptrend": 0.37833749853868326,
      "breakoutWithVol": 0.22780674653507166,
      "lowVolBreakout": 1,
      "highVolConsolidation": 1,
      "acceleratingUp": 0.4997467002915314,
      "deceleratingDown": 0.19256593553453102,
      "spyTrend": 0.4491309327658337,
      "spyMomentum": 2.187962285828465,
      "spyVolRegime": 17.480858785576235,
      "relativeStrength": 4.35058700118006
    }
  },
  "metrics": {
    "train": {
      "accuracy": 0.5250557111022227,
      "precision": 0.43269865727492846,
      "recall": 0.5545916208209902,
      "f1": 0.4861205564142194,
      "auc": 0.539811145592125
    },
    "validation": {
      "accuracy": 0.5286666666666666,
      "precision": 0.44129763130793,
      "recall": 0.5566742448847029,
      "f1": 0.4923165302312222,
      "auc": 0.545618181376067
    },
    "holdout": {
      "accuracy": 0.5163311558458872,
      "precision": 0.4329714718505428,
      "recall": 0.5537617048756861,
      "f1": 0.4859733635590819,
      "auc": 0.5263815558521519
    }
  },
  "config": {
    "learningRate": 0.1,
    "iterations": 1000,
    "regularization": 0.01,
    "classWeight": 1.5
  }
}