{
  "version": "2.0-improved-40features",
  "trainedAt": "2026-01-10T05:31:08.857Z",
  "trainingSamples": 35001,
  "features": [
    "priceVsSma20",
    "priceVsSma50",
    "priceVsEma9",
    "sma20VsSma50",
    "ema9VsEma21",
    "positionInRange",
    "pullbackFromHigh",
    "atrPercent",
    "bbPosition",
    "volumeRatio",
    "rsi14",
    "momentum5",
    "momentum10",
    "momentum20",
    "momentum60",
    "candleBodyRatio",
    "isBullish",
    "isBreakout",
    "aboveSma20",
    "aboveSma50",
    "smaSlope",
    "momAccel5",
    "momAccel10",
    "volRegime",
    "meanRevScore",
    "trendConsistency5",
    "trendConsistency10",
    "oversoldBounce",
    "overboughtWarning",
    "trendWithMom",
    "pullbackInUptrend",
    "breakoutWithVol",
    "lowVolBreakout",
    "highVolConsolidation",
    "acceleratingUp",
    "deceleratingDown",
    "spyTrend",
    "spyMomentum",
    "spyVolRegime",
    "relativeStrength"
  ],
  "coefficients": {
    "intercept": 0.028773843482834845,
    "weights": {
      "priceVsSma20": -0.00005518110510265657,
      "priceVsSma50": 0.04878750592463989,
      "priceVsEma9": -0.006576165392234497,
      "sma20VsSma50": 0.04967888015983395,
      "ema9VsEma21": -0.05991162852103257,
      "positionInRange": -0.03773921362286946,
      "pullbackFromHigh": -0.07857463599602921,
      "atrPercent": 0.09040910372125278,
      "bbPosition": 0.01953974768007214,
      "volumeRatio": -0.0025112517653348384,
      "rsi14": -0.03091978623303493,
      "momentum5": -0.043162825883615336,
      "momentum10": -0.03592191873075174,
      "momentum20": 0.09425678611735785,
      "momentum60": -0.026676116313000233,
      "candleBodyRatio": 0.008465227829929003,
      "isBullish": -0.055076586169493735,
      "isBreakout": -0.0240026940518316,
      "aboveSma20": 0.07272970602198772,
      "aboveSma50": -0.056640469015966366,
      "smaSlope": -0.10402971830787931,
      "momAccel5": -0.00017750548121718763,
      "momAccel10": 0.06376463017181336,
      "volRegime": 0,
      "meanRevScore": -0.0031075893268328798,
      "trendConsistency5": -0.008593369593945233,
      "trendConsistency10": -0.0062714437520997954,
      "oversoldBounce": -0.0013549573620251641,
      "overboughtWarning": 0,
      "trendWithMom": -0.0007974092426816458,
      "pullbackInUptrend": 0.09268865239812382,
      "breakoutWithVol": -0.0026043971865940922,
      "lowVolBreakout": 0,
      "highVolConsolidation": 0,
      "acceleratingUp": 0.009364498783236763,
      "deceleratingDown": 0.0029898348698190686,
      "spyTrend": -0.0052584668404976,
      "spyMomentum": 0.12140553952024409,
      "spyVolRegime": 0.03203436133127598,
      "relativeStrength": -0.02347735863419437
    },
    "featureMeans": {
      "priceVsSma20": 3.172040589372659,
      "priceVsSma50": 5.655365034632681,
      "priceVsEma9": 1.422207726440121,
      "sma20VsSma50": 2.409808842312582,
      "ema9VsEma21": 1.4106186163850618,
      "positionInRange": 0.7193311709534913,
      "pullbackFromHigh": 3.164711391388764,
      "atrPercent": 3.090387979448341,
      "bbPosition": 0.4275383275711205,
      "volumeRatio": 0.993291881370801,
      "rsi14": 38.97079304395203,
      "momentum5": 2.0220022437972784,
      "momentum10": 3.6365630133885243,
      "momentum20": 6.064427944076023,
      "momentum60": 10.195183223665037,
      "candleBodyRatio": 0.4512770452097528,
      "isBullish": 0.2701351389960287,
      "isBreakout": 0.15788120339418873,
      "aboveSma20": 0.8174909288306048,
      "aboveSma50": 0.8854032741921659,
      "smaSlope": 1.2897001021324503,
      "momAccel5": 0.41808573318850195,
      "momAccel10": 0.6175677076647603,
      "volRegime": 50,
      "meanRevScore": -10.34770942250827,
      "trendConsistency5": 0.5830119139453158,
      "trendConsistency10": 0.5742470850038529,
      "oversoldBounce": 0.49841433101911375,
      "overboughtWarning": 0,
      "trendWithMom": 0.5675552127082083,
      "pullbackInUptrend": 0.17585211851089969,
      "breakoutWithVol": 0.053027056369818006,
      "lowVolBreakout": 0,
      "highVolConsolidation": 0,
      "acceleratingUp": 0.4800434273306477,
      "deceleratingDown": 0.03837033227622068,
      "spyTrend": 0.2758206908374046,
      "spyMomentum": 0.8022047717208547,
      "spyVolRegime": 50.189280306276785,
      "relativeStrength": 1.0111764940565506
    },
    "featureStds": {
      "priceVsSma20": 4.228478581087998,
      "priceVsSma50": 6.7157153029411525,
      "priceVsEma9": 2.374447911007057,
      "sma20VsSma50": 4.855342045449443,
      "ema9VsEma21": 1.692277417111843,
      "positionInRange": 0.21728627661642147,
      "pullbackFromHigh": 2.9098033153142855,
      "atrPercent": 1.389331651658454,
      "bbPosition": 0.4625123860442067,
      "volumeRatio": 0.5738166684456918,
      "rsi14": 13.013922059174757,
      "momentum5": 4.288398548079871,
      "momentum10": 5.949072923302272,
      "momentum20": 8.11401512387481,
      "momentum60": 20.46212475039887,
      "candleBodyRatio": 0.26063412627464133,
      "isBullish": 0.44402944235209635,
      "isBreakout": 0.3646295778032888,
      "aboveSma20": 0.3862635241778663,
      "aboveSma50": 0.3185346389986773,
      "smaSlope": 1.8635846466857262,
      "momAccel5": 6.5101165273729285,
      "momAccel10": 6.728737930804808,
      "volRegime": 1,
      "meanRevScore": 15.92265669092014,
      "trendConsistency5": 0.23220249574346508,
      "trendConsistency10": 0.14637990590583014,
      "oversoldBounce": 0.49999748564764995,
      "overboughtWarning": 1,
      "trendWithMom": 0.49541527351895026,
      "pullbackInUptrend": 0.3806943011473997,
      "breakoutWithVol": 0.2240874553887342,
      "lowVolBreakout": 1,
      "highVolConsolidation": 1,
      "acceleratingUp": 0.4996015764659948,
      "deceleratingDown": 0.19208865108903547,
      "spyTrend": 0.44692688142856485,
      "spyMomentum": 2.153974640787827,
      "spyVolRegime": 17.34927199301526,
      "relativeStrength": 4.309512012333368
    }
  },
  "metrics": {
    "train": {
      "accuracy": 0.5208708322619354,
      "precision": 0.4330507118860982,
      "recall": 0.5695350305070482,
      "f1": 0.49200290803344243,
      "auc": 0.5431322366867117
    },
    "validation": {
      "accuracy": 0.5122666666666666,
      "precision": 0.4200100300902708,
      "recall": 0.554635761589404,
      "f1": 0.4780251141552512,
      "auc": 0.5281734123699149
    },
    "holdout": {
      "accuracy": 0.5183308892147713,
      "precision": 0.43389747363257297,
      "recall": 0.5754716981132075,
      "f1": 0.49475597818486927,
      "auc": 0.5384742057925438
    }
  },
  "config": {
    "learningRate": 0.1,
    "iterations": 1000,
    "regularization": 0.01,
    "classWeight": 1.5
  }
}